{
    "niter": 5542,
    "logz": -69.87614298046962,
    "logzerr": 0.5147415170210357,
    "logz_bs": -69.82026645840394,
    "logz_single": -69.87614298046962,
    "logzerr_tail": 0.009927445276446178,
    "logzerr_bs": 0.5146457764087842,
    "ess": 1255.4092951979471,
    "H": 13.633584660637197,
    "Herr": 0.16549935898851467,
    "posterior": {
        "mean": [
            499.9958814346564,
            19.54434782046543,
            4.1573893330952245
        ],
        "stdev": [
            0.20002960129153682,
            0.833417730015148,
            0.2016974821621558
        ],
        "median": [
            499.99545177283017,
            19.53767981238366,
            4.152151359875721
        ],
        "errlo": [
            499.7919037289796,
            18.744750457337087,
            3.955037737052102
        ],
        "errup": [
            500.1879704053356,
            20.34854840032859,
            4.35684607980428
        ],
        "information_gain_bits": [
            4.14647919764959,
            3.69957732264345,
            3.6335272216201706
        ]
    },
    "maximum_likelihood": {
        "logl": -54.74939396025017,
        "point": [
            500.00068746395743,
            19.53988140614546,
            4.151612350312492
        ],
        "point_untransformed": [
            0.2500017186598935,
            0.7636406411724003,
            0.7317837798227955
        ]
    },
    "ncall": 17195,
    "paramnames": [
        "location",
        "amplitude",
        "width"
    ],
    "logzerr_single": 0.1846184217557744,
    "insertion_order_MWW_test": {
        "independent_iterations": Infinity,
        "converged": true
    }
}