{
    "niter": 8524,
    "logz": -11.200182379411029,
    "logzerr": 0.2935244053287344,
    "logz_bs": -11.150304574349756,
    "logz_single": -11.200182379411029,
    "logzerr_tail": 0.009937157234297445,
    "logzerr_bs": 0.2933561477618767,
    "ess": 2139.90125330975,
    "H": 13.804392698673091,
    "Herr": 0.12057144643189335,
    "posterior": {
        "mean": [
            1.7730717586596394,
            0.17651799980168853,
            3.182485752712708,
            1.054948505690174
        ],
        "stdev": [
            0.0625227015492349,
            0.04646318135434021,
            0.02123963438310998,
            0.07757094624335853
        ],
        "median": [
            1.7723310522815328,
            0.1772679669539321,
            3.182371908161462,
            1.0545274427365459
        ],
        "errlo": [
            1.7124638996781505,
            0.12883424339560312,
            3.1613966827341877,
            0.979836924228337
        ],
        "errup": [
            1.836453701529147,
            0.22176664826024675,
            3.203523760225531,
            1.1295711707228984
        ],
        "information_gain_bits": [
            3.2693470847226234,
            3.333752419986722,
            3.815606972850741,
            3.2654240633188096
        ]
    },
    "maximum_likelihood": {
        "logl": 4.585756486893018,
        "point": [
            1.7709498065326879,
            0.17719677610774065,
            3.1821552492571317,
            1.0554688142686348
        ],
        "point_untransformed": [
            0.35418996130653757,
            0.5442991940269352,
            0.48766459077402396,
            0.16798307907019483
        ]
    },
    "ncall": 24202,
    "paramnames": [
        "amplitude",
        "offset",
        "frequency",
        "phase"
    ],
    "logzerr_single": 0.18577131572630562,
    "insertion_order_MWW_test": {
        "independent_iterations": Infinity,
        "converged": true
    }
}