{
    "niter": 10219,
    "logz": -31.183795959867982,
    "logzerr": 0.38519504123060044,
    "logz_bs": -31.191044412579483,
    "logz_single": -31.183795959867982,
    "logzerr_tail": 0.009949564886149176,
    "logzerr_bs": 0.3850665214572935,
    "ess": 2122.1690702056653,
    "H": 18.05236380425291,
    "Herr": 0.1725914381634487,
    "posterior": {
        "mean": [
            1.7693989156990415,
            0.2033247205722857,
            3.194354458786529,
            1.0227722567194846
        ],
        "stdev": [
            0.022143108413305468,
            0.01605215266422497,
            0.007558787112928714,
            0.02729948091692947
        ],
        "median": [
            1.7693364759787795,
            0.20283251756730314,
            3.1942813449411074,
            1.02339371912908
        ],
        "errlo": [
            1.7472160354697908,
            0.18767828590957691,
            3.186947242782155,
            0.9957457571747351
        ],
        "errup": [
            1.7915100110802569,
            0.2196950280825538,
            3.2020544138326326,
            1.050146267176157
        ],
        "information_gain_bits": [
            3.8441746674926054,
            3.915949119694587,
            3.8991996560362407,
            3.870939478631254
        ]
    },
    "maximum_likelihood": {
        "logl": -11.15404689741949,
        "point": [
            1.7694406716699462,
            0.20316987052352342,
            3.195110661851646,
            1.019670321656092
        ],
        "point_untransformed": [
            0.35388813433398925,
            0.5507924676308809,
            0.4900201203366629,
            0.16228557201566995
        ]
    },
    "ncall": 29200,
    "paramnames": [
        "amplitude",
        "offset",
        "frequency",
        "phase"
    ],
    "logzerr_single": 0.21244036695183963,
    "insertion_order_MWW_test": {
        "independent_iterations": Infinity,
        "converged": true
    }
}