{
    "niter": 7842,
    "logz": -11.212049137384408,
    "logzerr": 0.3105387546720084,
    "logz_bs": -11.219193195702632,
    "logz_single": -11.212049137384408,
    "logzerr_tail": 0.009931864582178207,
    "logzerr_bs": 0.3103798901655246,
    "ess": 2084.422595354991,
    "H": 12.181478508990029,
    "Herr": 0.13732627195032474,
    "posterior": {
        "mean": [
            1.7848461494823482,
            0.2096432166044179,
            3.1904500051486333,
            1.0675318520870554
        ],
        "stdev": [
            0.10283573276602345,
            0.06909427963652351,
            0.029423204477162415,
            0.11248093746491172
        ],
        "median": [
            1.7844355651953252,
            0.20938082646384837,
            3.1905770498055626,
            1.067223019720563
        ],
        "errlo": [
            1.6827158466789114,
            0.14195112430513435,
            3.161790109762153,
            0.951846143488016
        ],
        "errup": [
            1.889565839670814,
            0.2761757372395244,
            3.2199845975560293,
            1.1757587180597004
        ],
        "information_gain_bits": [
            2.7351803897848423,
            2.908388049142931,
            3.81589310973502,
            2.9194880768301528
        ]
    },
    "maximum_likelihood": {
        "logl": 2.869266570112342,
        "point": [
            1.7899536725216323,
            0.2069483506592431,
            3.191079966727657,
            1.0669041137028545
        ],
        "point_untransformed": [
            0.35799073450432645,
            0.5517370876648108,
            0.4892872666777558,
            0.16980306350088684
        ]
    },
    "ncall": 24163,
    "paramnames": [
        "amplitude",
        "offset",
        "frequency",
        "phase"
    ],
    "logzerr_single": 0.17450987442685034,
    "insertion_order_MWW_test": {
        "independent_iterations": Infinity,
        "converged": true
    }
}