{
    "niter": 7869,
    "logz": -11.300678101520077,
    "logzerr": 0.31317816195735115,
    "logz_bs": -11.28856837172796,
    "logz_single": -11.300678101520077,
    "logzerr_tail": 0.009931422132201106,
    "logzerr_bs": 0.3130206510462479,
    "ess": 2144.774216159167,
    "H": 12.171850183947695,
    "Herr": 0.13085329408419802,
    "posterior": {
        "mean": [
            1.7846142225781505,
            0.21011207610907992,
            3.1894152000601066,
            1.0706105276855482
        ],
        "stdev": [
            0.1023809247221854,
            0.07235420417884572,
            0.029660138423125988,
            0.11290173750476966
        ],
        "median": [
            1.78362555203078,
            0.21101927983362012,
            3.189595762537392,
            1.067056868478997
        ],
        "errlo": [
            1.6813409689938499,
            0.13593884792461353,
            3.1602071703088326,
            0.9660990298027803
        ],
        "errup": [
            1.8844409298416565,
            0.2805805735141068,
            3.217927548344233,
            1.1794316317974183
        ],
        "information_gain_bits": [
            2.729489859500048,
            2.88997697448251,
            3.8154558181278637,
            2.866298658060287
        ]
    },
    "maximum_likelihood": {
        "logl": 2.8607770031940594,
        "point": [
            1.7939915829800128,
            0.2006296673133745,
            3.191279602272404,
            1.069580736450499
        ],
        "point_untransformed": [
            0.3587983165960026,
            0.5501574168283436,
            0.48932356404952804,
            0.17022906124196668
        ]
    },
    "ncall": 27403,
    "paramnames": [
        "amplitude",
        "offset",
        "frequency",
        "phase"
    ],
    "logzerr_single": 0.1744408938863512,
    "insertion_order_MWW_test": {
        "independent_iterations": Infinity,
        "converged": true
    }
}