{
    "niter": 7421,
    "logz": -10.902684352744696,
    "logzerr": 0.3028396804227795,
    "logz_bs": -10.88877815269859,
    "logz_single": -10.902684352744696,
    "logzerr_tail": 0.009947719386635967,
    "logzerr_bs": 0.3026762543008221,
    "ess": 2171.7780631582905,
    "H": 10.964663427827398,
    "Herr": 0.13106065373567508,
    "posterior": {
        "mean": [
            1.7360745699733513,
            0.2270135899172451,
            4.510300898275255,
            1.5747888835739272
        ],
        "stdev": [
            0.11970029344586217,
            0.08026836959992215,
            1.3202215676755427,
            0.5040637279938711
        ],
        "median": [
            1.7352788167618716,
            0.2261747403121075,
            5.73962115061108,
            1.7222386616292933
        ],
        "errlo": [
            1.6135550166051997,
            0.14646832007912902,
            3.1666708766487717,
            1.0189775123277174
        ],
        "errup": [
            1.85760400940142,
            0.3075681847380274,
            5.835027895310974,
            2.1230648733446222
        ],
        "information_gain_bits": [
            2.5271301068809984,
            2.765249150919538,
            3.068521968283577,
            1.4381548425878439
        ]
    },
    "maximum_likelihood": {
        "logl": 2.1388930537206914,
        "point": [
            1.7462203484720868,
            0.22459785793693543,
            3.184619747696327,
            1.0624482733294593
        ],
        "point_untransformed": [
            0.34924406969441735,
            0.5561494644842339,
            0.4881126813993322,
            0.16909389447983258
        ]
    },
    "ncall": 117181,
    "paramnames": [
        "amplitude",
        "offset",
        "frequency",
        "phase"
    ],
    "logzerr_single": 0.16556466582447021,
    "insertion_order_MWW_test": {
        "independent_iterations": Infinity,
        "converged": true
    }
}