{
    "niter": 10176,
    "logz": -31.06460927837108,
    "logzerr": 0.2724429330599895,
    "logz_bs": -31.09260576417731,
    "logz_single": -31.06460927837108,
    "logzerr_tail": 0.009928314898413504,
    "logzerr_bs": 0.272261970053858,
    "ess": 2104.3172685888935,
    "H": 17.97063782832025,
    "Herr": 0.13636391513554516,
    "posterior": {
        "mean": [
            1.7698663437900113,
            0.20283222447057678,
            3.194117259652947,
            1.0236044712608798
        ],
        "stdev": [
            0.021359351035936867,
            0.015458903933083315,
            0.007727605094561311,
            0.027585337423608774
        ],
        "median": [
            1.7701855712241676,
            0.20280161463717095,
            3.194099574724637,
            1.023816353542369
        ],
        "errlo": [
            1.7485675669411604,
            0.1871926786665008,
            3.1862647454588395,
            0.9963429900231751
        ],
        "errup": [
            1.7917878084855177,
            0.21849212389493688,
            3.2018687905318086,
            1.0512313049458217
        ],
        "information_gain_bits": [
            3.8439267850219916,
            3.910785379349471,
            3.8938807263428035,
            3.8757938067722586
        ]
    },
    "maximum_likelihood": {
        "logl": -11.155369152531264,
        "point": [
            1.7690452985375105,
            0.20151364167636698,
            3.1939608101116725,
            1.0232351831630309
        ],
        "point_untransformed": [
            0.3538090597075021,
            0.5503784104190917,
            0.48981105638394046,
            0.16285293734593728
        ]
    },
    "ncall": 27751,
    "paramnames": [
        "amplitude",
        "offset",
        "frequency",
        "phase"
    ],
    "logzerr_single": 0.21195894548426264,
    "insertion_order_MWW_test": {
        "independent_iterations": Infinity,
        "converged": true
    }
}