{
    "niter": 5600,
    "logz": -69.57426265920803,
    "logzerr": 0.4417981240601563,
    "logz_bs": -69.54817951374811,
    "logz_single": -69.57426265920803,
    "logzerr_tail": 0.009918831910155745,
    "logzerr_bs": 0.44168676592876466,
    "ess": 1252.6350038790856,
    "H": 13.318166394065443,
    "Herr": 0.1857568301661553,
    "posterior": {
        "mean": [
            500.00090447662956,
            19.52880233342235,
            4.156111047731268
        ],
        "stdev": [
            0.207420505108047,
            0.8003820103734429,
            0.19613004059172104
        ],
        "median": [
            500.0032358454449,
            19.52060146143033,
            4.152164367663544
        ],
        "errlo": [
            499.79097491242123,
            18.71056903649571,
            3.95876114017808
        ],
        "errup": [
            500.2063218792164,
            20.32712337518035,
            4.349198497826768
        ],
        "information_gain_bits": [
            4.14647919764959,
            3.7092694458251505,
            3.6399697738668784
        ]
    },
    "maximum_likelihood": {
        "logl": -54.74864929798638,
        "point": [
            499.99529229746844,
            19.594990628095935,
            4.148054894900686
        ],
        "point_untransformed": [
            0.24998823074367113,
            0.7640483533665138,
            0.7316610751181284
        ]
    },
    "ncall": 18493,
    "paramnames": [
        "location",
        "amplitude",
        "width"
    ],
    "logzerr_single": 0.18247031535338454,
    "insertion_order_MWW_test": {
        "independent_iterations": Infinity,
        "converged": true
    }
}