{
    "niter": 8009,
    "logz": -12.06242857355703,
    "logzerr": 0.26570495098209734,
    "logz_bs": -12.05666701088227,
    "logz_single": -12.06242857355703,
    "logzerr_tail": 0.009950548580128782,
    "logzerr_bs": 0.2655185634929378,
    "ess": 2109.909332725529,
    "H": 12.538517254424043,
    "Herr": 0.1260452047643232,
    "posterior": {
        "mean": [
            1.8132255702673854,
            0.1303949243969976,
            3.2095780829255007,
            0.8961370855160468
        ],
        "stdev": [
            0.0883379324259769,
            0.06391151113798839,
            0.025976428031265545,
            0.09252975275041861
        ],
        "median": [
            1.8128775711686973,
            0.1292804668796239,
            3.209322368004976,
            0.8951343112156295
        ],
        "errlo": [
            1.726332403219776,
            0.06739484543499152,
            3.1842102813005546,
            0.8039799909395691
        ],
        "errup": [
            1.9022972399731588,
            0.19374058566800081,
            3.235595064254178,
            0.989199011355657
        ],
        "information_gain_bits": [
            2.940669946539242,
            3.061519316549221,
            3.843745341777852,
            3.1001753467403828
        ]
    },
    "maximum_likelihood": {
        "logl": 2.438329358023596,
        "point": [
            1.8089309954840183,
            0.12256779996724454,
            3.2093600651400127,
            0.8951460876239845
        ],
        "point_untransformed": [
            0.36178619909680365,
            0.5306419499918111,
            0.4926109209345478,
            0.14246692463472801
        ]
    },
    "ncall": 21740,
    "paramnames": [
        "amplitude",
        "offset",
        "frequency",
        "phase"
    ],
    "logzerr_single": 0.1770488439274883,
    "insertion_order_MWW_test": {
        "independent_iterations": Infinity,
        "converged": true
    }
}